rank,config_id,prediction_only_config_id,proposed_config_id,guardrail_satisfied,prediction_only_model_sigma,prediction_only_model_omega,prediction_only_model_omega_inhib,prediction_only_model_alpha_in,prediction_only_model_alpha_cross,prediction_only_model_alpha_inhib,prediction_only_model_mu_base,prediction_only_model_bg_ema,prediction_only_model_feedback_sigma_scale,prediction_only_model_feedback_omega_scale,proposed_model_sigma,proposed_model_omega,proposed_model_omega_inhib,proposed_model_alpha_in,proposed_model_alpha_cross,proposed_model_alpha_inhib,proposed_model_mu_base,proposed_model_bg_ema,proposed_model_feedback_sigma_scale,proposed_model_feedback_omega_scale,proposed_field_logloss_mean,proposed_field_logloss_ci95,proposed_field_brier_mean,proposed_field_brier_ci95,proposed_nll_mean,proposed_nll_ci95,delta_field_logloss_proposed_minus_prediction_mean,delta_field_brier_proposed_minus_prediction_mean,delta_nll_proposed_minus_prediction_mean,logloss_improvement_pct_mean,brier_improvement_pct_mean,nll_improvement_pct_mean
1,C001,P01,R27,True,10.0,450.0,900.0,0.15,0.0,0.45,2.5e-05,1e-07,1.0,1.0,10.0,450.0,900.0,0.15,0.0,0.9,2.5e-05,1e-07,0.875,2.0,16.37643761517605,0.12702653952043325,0.8610740899898606,0.004296510247874882,12609086.537082963,237415.60856354513,-2.614651168878364,-0.1105378126740613,-3075472.9009786146,13.770138312361329,11.376584795225181,19.61517002311047
2,C004,P02,R27,True,10.0,450.0,900.0,0.15,0.0,0.45,5e-05,1e-07,1.0,1.0,10.0,450.0,900.0,0.15,0.0,0.9,2.5e-05,1e-07,0.875,2.0,16.37643761517605,0.12702653952043325,0.8610740899898606,0.004296510247874882,12609086.537082963,237415.60856354513,-2.680536955245204,-0.11146129661182004,-3166545.9136093603,14.068200296456165,11.460663021782725,20.07944483560002
3,C007,P03,R27,True,10.0,450.0,900.0,0.2,0.0,0.45,2.5e-05,1e-07,1.0,1.0,10.0,450.0,900.0,0.15,0.0,0.9,2.5e-05,1e-07,0.875,2.0,16.37643761517605,0.12702653952043325,0.8610740899898606,0.004296510247874882,12609086.537082963,237415.60856354513,-3.005876146675795,-0.11143748578706301,-8263128.3262965605,15.510199667014978,11.458514269828694,39.594262045613036
4,C002,P01,R54,True,10.0,450.0,900.0,0.15,0.0,0.45,2.5e-05,1e-07,1.0,1.0,10.0,450.0,900.0,0.15,0.0,0.9,5e-05,1e-07,0.875,2.0,16.455939733379633,0.12498459051065482,0.8639096170626321,0.00415564717947613,12690057.67098788,237760.60834646234,-2.535149050674783,-0.10770228560128979,-2994501.7670736993,13.351436221712177,11.084750431007741,19.098713088732996
5,C005,P02,R54,True,10.0,450.0,900.0,0.15,0.0,0.45,5e-05,1e-07,1.0,1.0,10.0,450.0,900.0,0.15,0.0,0.9,5e-05,1e-07,0.875,2.0,16.455939733379633,0.12498459051065482,0.8639096170626321,0.00415564717947613,12690057.67098788,237760.60834646234,-2.601034837041623,-0.10862576953904853,-3085574.779704445,13.650950940838047,11.169108766578852,19.565972231737724
6,C008,P03,R54,True,10.0,450.0,900.0,0.2,0.0,0.45,2.5e-05,1e-07,1.0,1.0,10.0,450.0,900.0,0.15,0.0,0.9,5e-05,1e-07,0.875,2.0,16.455939733379633,0.12498459051065482,0.8639096170626321,0.00415564717947613,12690057.67098788,237760.60834646234,-2.926374028472214,-0.1086019587142915,-8182157.192391644,15.099975141238787,11.166952257851522,39.20616661037509
7,C003,P01,R81,True,10.0,450.0,900.0,0.15,0.0,0.45,2.5e-05,1e-07,1.0,1.0,10.0,450.0,900.0,0.15,0.0,0.9,7.5e-05,1e-07,0.875,2.0,16.53446046192311,0.12286827976634622,0.8664998795743262,0.004017339144365281,12771235.481926134,238125.46957573827,-2.456628322131305,-0.10511202308959573,-2913323.9561354443,12.937898958551099,10.818159039975548,18.580941676538533
8,C006,P02,R81,True,10.0,450.0,900.0,0.15,0.0,0.45,5e-05,1e-07,1.0,1.0,10.0,450.0,900.0,0.15,0.0,0.9,7.5e-05,1e-07,0.875,2.0,16.53446046192311,0.12286827976634622,0.8664998795743262,0.004017339144365281,12771235.481926134,238125.46957573827,-2.522514108498145,-0.10603550702735447,-3004396.96876619,13.238848697586873,10.902773420977484,19.051192723352717
9,C009,P03,R81,True,10.0,450.0,900.0,0.2,0.0,0.45,2.5e-05,1e-07,1.0,1.0,10.0,450.0,900.0,0.15,0.0,0.9,7.5e-05,1e-07,0.875,2.0,16.53446046192311,0.12286827976634622,0.8664998795743262,0.004017339144365281,12771235.481926134,238125.46957573827,-2.847853299928736,-0.10601169620259744,-8100979.381453389,14.694811815646368,10.900609744130422,38.81708340513858
