policy,seed,habituation,J_exp,deadline_miss_rate,coverage_violation_time,eta_bar,variety_index,hab_attributable_exposure,actions,travel
B0,123,1,5849.550392930585,0.8350730688935282,14610.0,0.053908047610766265,0.0,971.4693546295166,292,133.56659412682248
B0,124,1,5811.162625300058,0.8264642082429501,14600.0,0.05537510589814522,0.0,950.2576878666878,284,223.01815783398283
B0,125,1,5855.495382038979,0.8272921108742004,14190.0,0.055012808905707464,0.0,964.9464845657349,288,238.89167560270994
B0,126,1,5796.952063533723,0.8181818181818182,16160.0,0.05692605411305147,0.0,923.4107208251953,272,164.93948880852594
B0,127,1,5893.120829824931,0.8276595744680851,15030.0,0.05425607341609589,0.0,979.9574279785156,292,246.5610308807
B1,123,1,5849.533540044037,0.8350730688935282,13780.0,0.046297589470358454,0.0,1103.3442735671997,340,173.56659412682248
B1,124,1,5812.7107390565825,0.8286334056399133,13980.0,0.04627613179823931,0.0,1107.7386525273323,340,215.01815783398283
B1,125,1,5855.493678486451,0.8272921108742004,13560.0,0.047177087692987354,0.0,1096.8007326126099,336,254.89167560270994
B1,126,1,5796.155416367393,0.8181818181818182,15150.0,0.0453746706940407,0.0,1118.7036895751953,344,180.93948880852594
B1,127,1,5893.116461946957,0.8276595744680851,14200.0,0.047152564639136904,0.0,1096.8311309814453,336,262.5610308807
B3,123,1,5490.588855774021,0.9272727272727272,12030.0,0.04835025239281538,0.0,1075.5396375246346,328,261.56659412682245
B3,124,1,5861.232005021653,0.937365010799136,11040.0,0.048971105113993454,0.0,1069.2604926694185,324,351.01815783398285
B3,125,1,5806.7546002993495,0.93058568329718,11260.0,0.04837258777967313,0.0,1071.137166954577,328,222.89167560270994
B3,126,1,5876.704558266026,0.9246119733924612,12140.0,0.047790986586766074,0.0,1099.2606070823967,332,204.93948880852594
B3,127,1,5744.081928593011,0.9293598233995585,11980.0,0.048375286343621045,0.0,1079.8842838592827,328,334.5610308807
B4,123,1,1543.7348608831533,0.8794326241134752,7650.0,0.13624917983997875,0.8742052251005312,784.4147160650527,300,421.56659412682245
B4,124,1,2182.9104886868686,0.8578199052132701,7490.0,0.13522278635124738,0.8669970358539444,816.03953361512,304,431.01815783398285
B4,125,1,1669.8293018709155,0.8523489932885906,7610.0,0.1348418185585244,0.8682993287922396,803.3503389358725,304,382.89167560270994
B4,126,1,2201.3045086100387,0.851063829787234,7730.0,0.1356308585718935,0.8695991441957336,819.9488306045673,304,396.93948880852594
B4,127,1,1295.416059987047,0.8,8070.0,0.1348403127569778,0.8672090273667428,803.4797286987446,304,430.5610308807
B0,123,0,834.476840439541,0.9574468085106383,16340.0,1.0,0.0,0.0,88,133.56659412682248
B0,124,0,828.8927682273845,0.9294117647058824,16640.0,1.0,0.0,0.0,88,175.01815783398283
B0,125,0,838.022916678244,0.9347826086956522,16050.0,1.0,0.0,0.0,84,230.89167560270994
B0,126,0,775.1586588916765,0.881578947368421,17120.0,1.0,0.0,0.0,76,172.93948880852594
B0,127,0,892.2831354790563,0.9130434782608695,16080.0,1.0,0.0,0.0,100,246.5610308807
B1,123,0,821.7489923432372,0.967741935483871,14230.0,1.0,0.0,0.0,340,197.56659412682248
B1,124,0,784.9422239124642,0.9518072289156626,14430.0,1.0,0.0,0.0,336,239.01815783398283
B1,125,0,828.3516984489108,0.945054945054945,14030.0,1.0,0.0,0.0,336,278.89167560270994
B1,126,0,742.4413986324614,0.9305555555555556,14680.0,1.0,0.0,0.0,340,228.93948880852594
B1,127,0,842.8476486324614,0.9651162790697675,13730.0,1.0,0.0,0.0,332,310.5610308807
B3,123,0,890.4374830705237,0.9873417721518988,8070.0,1.0,0.0,0.0,296,533.5665941268225
B3,124,0,869.9379655457875,0.9666666666666667,7920.0,1.0,0.0,0.0,296,559.0181578339829
B3,125,0,1126.7652403463676,0.99,7910.0,1.0,0.0,0.0,296,414.89167560270994
B3,126,0,1116.285840119403,0.963855421686747,8140.0,1.0,0.0,0.0,300,500.93948880852594
B3,127,0,770.9536218933281,0.9583333333333334,8160.0,1.0,0.0,0.0,300,542.5610308807
B4,123,0,890.4374830705237,0.9873417721518988,8070.0,1.0,0.0,0.0,296,533.5665941268225
B4,124,0,869.9379655457875,0.9666666666666667,7920.0,1.0,0.0,0.0,296,559.0181578339829
B4,125,0,1126.7652403463676,0.99,7910.0,1.0,0.0,0.0,296,414.89167560270994
B4,126,0,1116.285840119403,0.963855421686747,8140.0,1.0,0.0,0.0,300,500.93948880852594
B4,127,0,770.9536218933281,0.9583333333333334,8160.0,1.0,0.0,0.0,300,542.5610308807
